date;hour;hour_time;r_observed;r_source;forecast_cloud_cover_pct;forecast_cloud_class_pct;actual_pv_Wh;radiation;r_clear_candidate_flag;reference_r_at_observation;deviation_vs_reference_pct;source_file;first_seen_at;last_updated_at
2026-05-24;18;18:00;6.5217;calculated_actual_pv_Wh_div_radiation;9.0;10;2100;322;True;5.8000;12.4;/work/20_analysis/20_40_meteo_forecast/20_40_11_pv_weather_model/20_40_11_pv_weather_common.csv;2026-06-08T20:48:53;2026-07-12T18:01:01
2026-05-25;06;06:00;8.3333;calculated_actual_pv_Wh_div_radiation;7.0;10;500;60;False;0.0000;;/work/20_analysis/20_40_meteo_forecast/20_40_11_pv_weather_model/20_40_11_pv_weather_common.csv;2026-06-08T20:48:53;2026-07-12T18:01:01
2026-05-25;07;07:00;1.5789;calculated_actual_pv_Wh_div_radiation;5.0;5;300;190;True;1.0000;57.9;/work/20_analysis/20_40_meteo_forecast/20_40_11_pv_weather_model/20_40_11_pv_weather_common.csv;2026-06-08T20:48:53;2026-07-12T18:01:01
2026-05-25;08;08:00;1.4493;calculated_actual_pv_Wh_div_radiation;6.0;10;500;345;True;1.8000;-19.5;/work/20_analysis/20_40_meteo_forecast/20_40_11_pv_weather_model/20_40_11_pv_weather_common.csv;2026-06-08T20:48:53;2026-07-12T18:01:01
2026-05-25;12;12:00;4.4205;calculated_actual_pv_Wh_div_radiation;7.0;10;3700;837;True;5.2000;-15.0;/work/20_analysis/20_40_meteo_forecast/20_40_11_pv_weather_model/20_40_11_pv_weather_common.csv;2026-06-08T20:48:53;2026-07-12T18:01:01
2026-05-25;15;15:00;6.1776;calculated_actual_pv_Wh_div_radiation;2.0;5;4800;777;True;6.9000;-10.5;/work/20_analysis/20_40_meteo_forecast/20_40_11_pv_weather_model/20_40_11_pv_weather_common.csv;2026-06-08T20:48:53;2026-07-12T18:01:01
2026-05-25;16;16:00;6.1103;calculated_actual_pv_Wh_div_radiation;5.0;5;4100;671;True;7.0000;-12.7;/work/20_analysis/20_40_meteo_forecast/20_40_11_pv_weather_model/20_40_11_pv_weather_common.csv;2026-06-08T20:48:53;2026-07-12T18:01:01
2026-05-25;21;21:00;0.0000;calculated_actual_pv_Wh_div_radiation;0.0;0;0;6;False;0.0000;;/work/20_analysis/20_40_meteo_forecast/20_40_11_pv_weather_model/20_40_11_pv_weather_common.csv;2026-06-08T20:48:53;2026-07-12T18:01:01
2026-05-26;05;05:00;100.0000;calculated_actual_pv_Wh_div_radiation;0.0;0;100;1;False;0.0000;;/work/20_analysis/20_40_meteo_forecast/20_40_11_pv_weather_model/20_40_11_pv_weather_common.csv;2026-06-08T20:48:53;2026-07-12T18:01:01
2026-05-26;06;06:00;3.2787;calculated_actual_pv_Wh_div_radiation;0.0;0;200;61;False;0.0000;;/work/20_analysis/20_40_meteo_forecast/20_40_11_pv_weather_model/20_40_11_pv_weather_common.csv;2026-06-08T20:48:53;2026-07-12T18:01:01
2026-05-26;07;07:00;2.1390;calculated_actual_pv_Wh_div_radiation;0.0;0;400;187;True;1.0000;113.9;/work/20_analysis/20_40_meteo_forecast/20_40_11_pv_weather_model/20_40_11_pv_weather_common.csv;2026-06-08T20:48:53;2026-07-12T18:01:01
2026-05-26;08;08:00;0.8798;calculated_actual_pv_Wh_div_radiation;0.0;0;300;341;True;1.8000;-51.1;/work/20_analysis/20_40_meteo_forecast/20_40_11_pv_weather_model/20_40_11_pv_weather_common.csv;2026-06-08T20:48:53;2026-07-12T18:01:01
2026-05-26;09;09:00;1.4113;calculated_actual_pv_Wh_div_radiation;0.0;0;700;496;True;2.7000;-47.7;/work/20_analysis/20_40_meteo_forecast/20_40_11_pv_weather_model/20_40_11_pv_weather_common.csv;2026-06-08T20:48:53;2026-07-12T18:01:01
2026-05-26;10;10:00;2.4615;calculated_actual_pv_Wh_div_radiation;0.0;0;1600;650;True;3.7000;-33.5;/work/20_analysis/20_40_meteo_forecast/20_40_11_pv_weather_model/20_40_11_pv_weather_common.csv;2026-06-08T20:48:53;2026-07-12T18:01:01
2026-05-26;11;11:00;3.5202;calculated_actual_pv_Wh_div_radiation;0.0;0;2700;767;True;4.5000;-21.8;/work/20_analysis/20_40_meteo_forecast/20_40_11_pv_weather_model/20_40_11_pv_weather_common.csv;2026-06-08T20:48:53;2026-07-12T18:01:01
2026-05-26;12;12:00;4.3891;calculated_actual_pv_Wh_div_radiation;0.0;0;3700;843;True;5.2000;-15.6;/work/20_analysis/20_40_meteo_forecast/20_40_11_pv_weather_model/20_40_11_pv_weather_common.csv;2026-06-08T20:48:53;2026-07-12T18:01:01
2026-05-26;13;13:00;5.0575;calculated_actual_pv_Wh_div_radiation;0.0;0;4400;870;True;5.9000;-14.3;/work/20_analysis/20_40_meteo_forecast/20_40_11_pv_weather_model/20_40_11_pv_weather_common.csv;2026-06-08T20:48:53;2026-07-12T18:01:01
2026-05-26;14;14:00;5.9859;calculated_actual_pv_Wh_div_radiation;0.0;0;5100;852;True;6.5000;-7.9;/work/20_analysis/20_40_meteo_forecast/20_40_11_pv_weather_model/20_40_11_pv_weather_common.csv;2026-06-08T20:48:53;2026-07-12T18:01:01
2026-05-26;15;15:00;6.3776;calculated_actual_pv_Wh_div_radiation;0.0;0;5000;784;True;6.9000;-7.6;/work/20_analysis/20_40_meteo_forecast/20_40_11_pv_weather_model/20_40_11_pv_weather_common.csv;2026-06-08T20:48:53;2026-07-12T18:01:01
2026-05-26;16;16:00;5.9084;calculated_actual_pv_Wh_div_radiation;0.0;0;4000;677;True;7.0000;-15.6;/work/20_analysis/20_40_meteo_forecast/20_40_11_pv_weather_model/20_40_11_pv_weather_common.csv;2026-06-08T20:48:53;2026-07-12T18:01:01
2026-05-26;17;17:00;5.7301;calculated_actual_pv_Wh_div_radiation;0.0;0;3100;541;True;6.7000;-14.5;/work/20_analysis/20_40_meteo_forecast/20_40_11_pv_weather_model/20_40_11_pv_weather_common.csv;2026-06-08T20:48:53;2026-07-12T18:01:01
2026-05-26;20;20:00;1.1111;calculated_actual_pv_Wh_div_radiation;0.0;0;100;90;False;2.6000;-57.3;/work/20_analysis/20_40_meteo_forecast/20_40_11_pv_weather_model/20_40_11_pv_weather_common.csv;2026-06-08T20:48:53;2026-07-12T18:01:01
2026-05-26;21;21:00;0.0000;calculated_actual_pv_Wh_div_radiation;0.0;0;0;7;False;0.0000;;/work/20_analysis/20_40_meteo_forecast/20_40_11_pv_weather_model/20_40_11_pv_weather_common.csv;2026-06-08T20:48:53;2026-07-12T18:01:01
2026-05-27;05;05:00;50.0000;calculated_actual_pv_Wh_div_radiation;0.0;0;100;2;False;0.0000;;/work/20_analysis/20_40_meteo_forecast/20_40_11_pv_weather_model/20_40_11_pv_weather_common.csv;2026-06-08T20:48:53;2026-07-12T18:01:01
2026-05-27;06;06:00;4.6154;calculated_actual_pv_Wh_div_radiation;0.0;0;300;65;False;0.0000;;/work/20_analysis/20_40_meteo_forecast/20_40_11_pv_weather_model/20_40_11_pv_weather_common.csv;2026-06-08T20:48:53;2026-07-12T18:01:01
2026-05-27;07;07:00;1.5625;calculated_actual_pv_Wh_div_radiation;0.0;0;300;192;True;1.0000;56.2;/work/20_analysis/20_40_meteo_forecast/20_40_11_pv_weather_model/20_40_11_pv_weather_common.csv;2026-06-08T20:48:53;2026-07-12T18:01:01
2026-05-27;08;08:00;1.4451;calculated_actual_pv_Wh_div_radiation;0.0;0;500;346;True;1.8000;-19.7;/work/20_analysis/20_40_meteo_forecast/20_40_11_pv_weather_model/20_40_11_pv_weather_common.csv;2026-06-08T20:48:53;2026-07-12T18:01:01
2026-05-27;09;09:00;1.5936;calculated_actual_pv_Wh_div_radiation;0.0;0;800;502;True;2.7000;-41.0;/work/20_analysis/20_40_meteo_forecast/20_40_11_pv_weather_model/20_40_11_pv_weather_common.csv;2026-06-08T20:48:53;2026-07-12T18:01:01
2026-05-27;10;10:00;2.4922;calculated_actual_pv_Wh_div_radiation;0.0;0;1600;642;True;3.7000;-32.6;/work/20_analysis/20_40_meteo_forecast/20_40_11_pv_weather_model/20_40_11_pv_weather_common.csv;2026-06-08T20:48:53;2026-07-12T18:01:01
2026-05-27;11;11:00;2.6525;calculated_actual_pv_Wh_div_radiation;0.0;0;2000;754;True;4.5000;-41.1;/work/20_analysis/20_40_meteo_forecast/20_40_11_pv_weather_model/20_40_11_pv_weather_common.csv;2026-06-08T20:48:53;2026-07-12T18:01:01
2026-05-27;18;18:00;8.6486;calculated_actual_pv_Wh_div_radiation;0.0;0;3200;370;True;5.8000;49.1;/work/20_analysis/20_40_meteo_forecast/20_40_11_pv_weather_model/20_40_11_pv_weather_common.csv;2026-06-08T20:48:53;2026-07-12T18:01:01
2026-05-27;19;19:00;7.2340;calculated_actual_pv_Wh_div_radiation;0.0;0;1700;235;True;4.4000;64.4;/work/20_analysis/20_40_meteo_forecast/20_40_11_pv_weather_model/20_40_11_pv_weather_common.csv;2026-06-08T20:48:53;2026-07-12T18:01:01
2026-05-27;20;20:00;0.0000;calculated_actual_pv_Wh_div_radiation;0.0;0;0;94;False;2.6000;-100.0;/work/20_analysis/20_40_meteo_forecast/20_40_11_pv_weather_model/20_40_11_pv_weather_common.csv;2026-06-08T20:48:53;2026-07-12T18:01:01
2026-05-27;21;21:00;0.0000;calculated_actual_pv_Wh_div_radiation;0.0;0;0;8;False;0.0000;;/work/20_analysis/20_40_meteo_forecast/20_40_11_pv_weather_model/20_40_11_pv_weather_common.csv;2026-06-08T20:48:53;2026-07-12T18:01:01
2026-05-28;05;05:00;50.0000;calculated_actual_pv_Wh_div_radiation;5.0;5;100;2;False;0.0000;;/work/20_analysis/20_40_meteo_forecast/20_40_11_pv_weather_model/20_40_11_pv_weather_common.csv;2026-06-08T20:48:53;2026-07-12T18:01:01
2026-05-28;06;06:00;4.4118;calculated_actual_pv_Wh_div_radiation;0.0;0;300;68;False;0.0000;;/work/20_analysis/20_40_meteo_forecast/20_40_11_pv_weather_model/20_40_11_pv_weather_common.csv;2026-06-08T20:48:53;2026-07-12T18:01:01
2026-05-28;07;07:00;1.4706;calculated_actual_pv_Wh_div_radiation;0.0;0;300;204;True;1.0000;47.1;/work/20_analysis/20_40_meteo_forecast/20_40_11_pv_weather_model/20_40_11_pv_weather_common.csv;2026-06-08T20:48:53;2026-07-12T18:01:01
2026-05-28;08;08:00;1.1019;calculated_actual_pv_Wh_div_radiation;0.0;0;400;363;True;1.8000;-38.8;/work/20_analysis/20_40_meteo_forecast/20_40_11_pv_weather_model/20_40_11_pv_weather_common.csv;2026-06-08T20:48:53;2026-07-12T18:01:01
2026-05-28;09;09:00;1.5267;calculated_actual_pv_Wh_div_radiation;0.0;0;800;524;True;2.7000;-43.5;/work/20_analysis/20_40_meteo_forecast/20_40_11_pv_weather_model/20_40_11_pv_weather_common.csv;2026-06-08T20:48:53;2026-07-12T18:01:01
2026-05-28;10;10:00;2.5335;calculated_actual_pv_Wh_div_radiation;0.0;0;1700;671;True;3.7000;-31.5;/work/20_analysis/20_40_meteo_forecast/20_40_11_pv_weather_model/20_40_11_pv_weather_common.csv;2026-06-08T20:48:53;2026-07-12T18:01:01
2026-05-28;11;11:00;3.4221;calculated_actual_pv_Wh_div_radiation;0.0;0;2700;789;True;4.5000;-24.0;/work/20_analysis/20_40_meteo_forecast/20_40_11_pv_weather_model/20_40_11_pv_weather_common.csv;2026-06-08T20:48:53;2026-07-12T18:01:01
2026-05-28;12;12:00;3.2110;calculated_actual_pv_Wh_div_radiation;0.0;0;2800;872;True;5.2000;-38.2;/work/20_analysis/20_40_meteo_forecast/20_40_11_pv_weather_model/20_40_11_pv_weather_common.csv;2026-06-08T20:48:53;2026-07-12T18:01:01
2026-05-28;13;13:00;2.6696;calculated_actual_pv_Wh_div_radiation;8.0;10;2400;899;True;5.9000;-54.8;/work/20_analysis/20_40_meteo_forecast/20_40_11_pv_weather_model/20_40_11_pv_weather_common.csv;2026-06-08T20:48:53;2026-07-12T18:01:01
2026-05-28;21;21:00;0.0000;calculated_actual_pv_Wh_div_radiation;0.0;0;0;7;False;0.0000;;/work/20_analysis/20_40_meteo_forecast/20_40_11_pv_weather_model/20_40_11_pv_weather_common.csv;2026-06-08T20:48:53;2026-07-12T18:01:01
2026-05-29;06;06:00;2.8986;calculated_actual_pv_Wh_div_radiation;10.0;10;200;69;False;0.0000;;/work/20_analysis/20_40_meteo_forecast/20_40_11_pv_weather_model/20_40_11_pv_weather_common.csv;2026-06-08T20:48:53;2026-07-12T18:01:01
2026-05-29;13;13:00;5.2809;calculated_actual_pv_Wh_div_radiation;0.0;0;4700;890;True;5.9000;-10.5;/work/20_analysis/20_40_meteo_forecast/20_40_11_pv_weather_model/20_40_11_pv_weather_common.csv;2026-06-08T20:48:53;2026-07-12T18:01:01
2026-05-29;20;20:00;0.0000;calculated_actual_pv_Wh_div_radiation;0.0;0;0;95;False;2.6000;-100.0;/work/20_analysis/20_40_meteo_forecast/20_40_11_pv_weather_model/20_40_11_pv_weather_common.csv;2026-06-08T20:48:53;2026-07-12T18:01:01
2026-05-31;14;14:00;6.6667;calculated_actual_pv_Wh_div_radiation;0.0;0;1200;180;True;6.5000;2.6;/work/20_analysis/20_40_meteo_forecast/20_40_11_pv_weather_model/20_40_11_pv_weather_common.csv;2026-06-08T20:48:53;2026-07-12T18:01:01
2026-06-02;06;06:00;7.3529;calculated_actual_pv_Wh_div_radiation;1.0;5;500;68;False;0.0000;;/work/20_analysis/20_40_meteo_forecast/20_40_11_pv_weather_model/20_40_11_pv_weather_common.csv;2026-06-08T20:48:53;2026-07-12T18:01:01
2026-06-02;09;09:00;1.7717;calculated_actual_pv_Wh_div_radiation;1.0;5;900;508;True;2.7000;-34.4;/work/20_analysis/20_40_meteo_forecast/20_40_11_pv_weather_model/20_40_11_pv_weather_common.csv;2026-06-08T20:48:53;2026-07-12T18:01:01
2026-06-02;17;17:00;5.4409;calculated_actual_pv_Wh_div_radiation;3.0;5;2900;533;True;6.7000;-18.8;/work/20_analysis/20_40_meteo_forecast/20_40_11_pv_weather_model/20_40_11_pv_weather_common.csv;2026-06-08T20:48:53;2026-07-12T18:01:01
2026-06-02;18;18:00;6.8528;calculated_actual_pv_Wh_div_radiation;0.0;0;2700;394;True;5.8000;18.2;/work/20_analysis/20_40_meteo_forecast/20_40_11_pv_weather_model/20_40_11_pv_weather_common.csv;2026-06-08T20:48:53;2026-07-12T18:01:01
2026-06-02;19;19:00;4.1494;calculated_actual_pv_Wh_div_radiation;3.0;5;1000;241;True;4.4000;-5.7;/work/20_analysis/20_40_meteo_forecast/20_40_11_pv_weather_model/20_40_11_pv_weather_common.csv;2026-06-08T20:48:53;2026-07-12T18:01:01
2026-06-03;05;05:00;66.6667;calculated_actual_pv_Wh_div_radiation;0.0;0;200;3;False;0.0000;;/work/20_analysis/20_40_meteo_forecast/20_40_11_pv_weather_model/20_40_11_pv_weather_common.csv;2026-06-08T20:48:53;2026-07-12T18:01:01
2026-06-03;08;08:00;1.6901;calculated_actual_pv_Wh_div_radiation;5.0;5;600;355;True;1.8000;-6.1;/work/20_analysis/20_40_meteo_forecast/20_40_11_pv_weather_model/20_40_11_pv_weather_common.csv;2026-06-08T20:48:53;2026-07-12T18:01:01
2026-06-03;09;09:00;1.7751;calculated_actual_pv_Wh_div_radiation;1.0;5;900;507;True;2.7000;-34.3;/work/20_analysis/20_40_meteo_forecast/20_40_11_pv_weather_model/20_40_11_pv_weather_common.csv;2026-06-08T20:48:53;2026-07-12T18:01:01
2026-06-04;15;15:00;2.0067;calculated_actual_pv_Wh_div_radiation;2.0;5;1200;598;True;6.9000;-70.9;/work/20_analysis/20_40_meteo_forecast/20_40_11_pv_weather_model/20_40_11_pv_weather_common.csv;2026-06-08T20:48:53;2026-07-12T18:01:01
2026-06-06;05;05:00;25.0000;calculated_actual_pv_Wh_div_radiation;0.0;0;100;4;False;0.0000;;/work/20_analysis/20_40_meteo_forecast/20_40_11_pv_weather_model/20_40_11_pv_weather_common.csv;2026-06-08T20:48:53;2026-07-12T18:01:01
2026-06-06;06;06:00;3.9474;calculated_actual_pv_Wh_div_radiation;0.0;0;300;76;False;0.0000;;/work/20_analysis/20_40_meteo_forecast/20_40_11_pv_weather_model/20_40_11_pv_weather_common.csv;2026-06-08T20:48:53;2026-07-12T18:01:01
2026-06-06;09;09:00;1.5534;calculated_actual_pv_Wh_div_radiation;4.0;5;800;515;True;2.7000;-42.5;/work/20_analysis/20_40_meteo_forecast/20_40_11_pv_weather_model/20_40_11_pv_weather_common.csv;2026-06-08T20:48:53;2026-07-12T18:01:01
2026-06-06;10;10:00;2.7149;calculated_actual_pv_Wh_div_radiation;0.0;0;1800;663;True;3.7000;-26.6;/work/20_analysis/20_40_meteo_forecast/20_40_11_pv_weather_model/20_40_11_pv_weather_common.csv;2026-06-08T20:48:53;2026-07-12T18:01:01
2026-06-06;11;11:00;3.6082;calculated_actual_pv_Wh_div_radiation;0.0;0;2800;776;True;4.5000;-19.8;/work/20_analysis/20_40_meteo_forecast/20_40_11_pv_weather_model/20_40_11_pv_weather_common.csv;2026-06-08T20:48:53;2026-07-12T18:01:01
2026-06-06;15;15:00;5.4863;calculated_actual_pv_Wh_div_radiation;2.0;5;4400;802;True;6.9000;-20.5;/work/20_analysis/20_40_meteo_forecast/20_40_11_pv_weather_model/20_40_11_pv_weather_common.csv;2026-06-08T20:48:53;2026-07-12T18:01:01
2026-06-06;16;16:00;6.1605;calculated_actual_pv_Wh_div_radiation;0.0;0;4300;698;True;7.0000;-12.0;/work/20_analysis/20_40_meteo_forecast/20_40_11_pv_weather_model/20_40_11_pv_weather_common.csv;2026-06-08T20:48:53;2026-07-12T18:01:01
2026-06-06;17;17:00;5.9246;calculated_actual_pv_Wh_div_radiation;0.0;0;3300;557;True;6.7000;-11.6;/work/20_analysis/20_40_meteo_forecast/20_40_11_pv_weather_model/20_40_11_pv_weather_common.csv;2026-06-08T20:48:53;2026-07-12T18:01:01
2026-06-06;18;18:00;7.4257;calculated_actual_pv_Wh_div_radiation;0.0;0;3000;404;True;5.8000;28.0;/work/20_analysis/20_40_meteo_forecast/20_40_11_pv_weather_model/20_40_11_pv_weather_common.csv;2026-06-08T20:48:53;2026-07-12T18:01:01
2026-06-06;19;19:00;6.8826;calculated_actual_pv_Wh_div_radiation;0.0;0;1700;247;True;4.4000;56.4;/work/20_analysis/20_40_meteo_forecast/20_40_11_pv_weather_model/20_40_11_pv_weather_common.csv;2026-06-08T20:48:53;2026-07-12T18:01:01
2026-06-06;20;20:00;1.8519;calculated_actual_pv_Wh_div_radiation;0.0;0;200;108;True;2.6000;-28.8;/work/20_analysis/20_40_meteo_forecast/20_40_11_pv_weather_model/20_40_11_pv_weather_common.csv;2026-06-08T20:48:53;2026-07-12T18:01:01
2026-06-06;21;21:00;0.0000;calculated_actual_pv_Wh_div_radiation;0.0;0;0;15;False;0.0000;;/work/20_analysis/20_40_meteo_forecast/20_40_11_pv_weather_model/20_40_11_pv_weather_common.csv;2026-06-08T20:48:53;2026-07-12T18:01:01
2026-06-07;10;10:00;2.7481;calculated_actual_pv_Wh_div_radiation;0.0;0;1800;655;True;3.7000;-25.7;/work/20_analysis/20_40_meteo_forecast/20_40_11_pv_weather_model/20_40_11_pv_weather_common.csv;2026-06-08T20:48:53;2026-07-12T18:01:01
2026-06-07;11;11:00;4.1505;calculated_actual_pv_Wh_div_radiation;0.0;0;3200;771;True;4.5000;-7.8;/work/20_analysis/20_40_meteo_forecast/20_40_11_pv_weather_model/20_40_11_pv_weather_common.csv;2026-06-08T20:48:53;2026-07-12T18:01:01
2026-06-07;12;12:00;4.6099;calculated_actual_pv_Wh_div_radiation;9.0;10;3900;846;True;5.2000;-11.3;/work/20_analysis/20_40_meteo_forecast/20_40_11_pv_weather_model/20_40_11_pv_weather_common.csv;2026-06-08T20:48:53;2026-07-12T18:01:01
2026-06-07;13;13:00;4.5673;calculated_actual_pv_Wh_div_radiation;8.0;10;3800;832;True;5.9000;-22.6;/work/20_analysis/20_40_meteo_forecast/20_40_11_pv_weather_model/20_40_11_pv_weather_common.csv;2026-06-08T20:48:53;2026-07-12T18:01:01
2026-06-07;14;14:00;5.5229;calculated_actual_pv_Wh_div_radiation;2.0;5;4700;851;True;6.5000;-15.0;/work/20_analysis/20_40_meteo_forecast/20_40_11_pv_weather_model/20_40_11_pv_weather_common.csv;2026-06-08T20:48:53;2026-07-12T18:01:01
2026-06-08;05;05:00;25.0000;calculated_actual_pv_Wh_div_radiation;1.0;5;100;4;False;0.0000;;/work/20_analysis/20_40_meteo_forecast/20_40_11_pv_weather_model/20_40_11_pv_weather_common.csv;2026-06-08T20:48:53;2026-07-12T18:01:01
2026-06-08;07;07:00;3.1915;calculated_actual_pv_Wh_div_radiation;1.0;5;600;188;True;1.0000;219.1;/work/20_analysis/20_40_meteo_forecast/20_40_11_pv_weather_model/20_40_11_pv_weather_common.csv;2026-06-08T20:48:53;2026-07-12T18:01:01
2026-06-08;21;21:00;0.0000;calculated_actual_pv_Wh_div_radiation;0.0;0;0;15;False;0.0000;;/work/20_analysis/20_40_meteo_forecast/20_40_11_pv_weather_model/20_40_11_pv_weather_common.csv;2026-06-08T23:00:37;2026-07-12T18:01:01
2026-06-09;12;12:00;5.1205;calculated_actual_pv_Wh_div_radiation;6.0;10;3400;664;True;5.2000;-1.5;/work/20_analysis/20_40_meteo_forecast/20_40_11_pv_weather_model/20_40_11_pv_weather_common.csv;2026-06-09T14:00:39;2026-07-12T18:01:01
2026-06-12;07;07:00;3.8278;calculated_actual_pv_Wh_div_radiation;4.0;5;800;209;True;1.0000;282.8;/work/20_analysis/20_40_meteo_forecast/20_40_11_pv_weather_model/20_40_11_pv_weather_common.csv;2026-06-12T09:00:33;2026-07-12T18:01:01
2026-06-12;09;09:00;2.1073;calculated_actual_pv_Wh_div_radiation;6.0;10;1100;522;True;2.7000;-22.0;/work/20_analysis/20_40_meteo_forecast/20_40_11_pv_weather_model/20_40_11_pv_weather_common.csv;2026-06-12T12:00:33;2026-07-12T18:01:01
2026-06-12;11;11:00;5.4717;calculated_actual_pv_Wh_div_radiation;10.0;10;2900;530;True;4.5000;21.6;/work/20_analysis/20_40_meteo_forecast/20_40_11_pv_weather_model/20_40_11_pv_weather_common.csv;2026-06-12T13:04:00;2026-07-12T18:01:01
2026-06-12;15;15:00;8.1377;calculated_actual_pv_Wh_div_radiation;3.0;5;5200;639;True;6.9000;17.9;/work/20_analysis/20_40_meteo_forecast/20_40_11_pv_weather_model/20_40_11_pv_weather_common.csv;2026-06-12T17:02:18;2026-07-12T18:01:01
2026-06-12;20;20:00;0.0000;calculated_actual_pv_Wh_div_radiation;0.0;0;0;115;True;2.6000;-100.0;/work/20_analysis/20_40_meteo_forecast/20_40_11_pv_weather_model/20_40_11_pv_weather_common.csv;2026-06-12T22:05:01;2026-07-12T18:01:01
2026-06-13;13;13:00;7.1987;calculated_actual_pv_Wh_div_radiation;3.0;5;4600;639;True;5.9000;22.0;/work/20_analysis/20_40_meteo_forecast/20_40_11_pv_weather_model/20_40_11_pv_weather_common.csv;2026-06-13T15:00:33;2026-07-12T18:01:01
2026-06-14;05;05:00;40.0000;calculated_actual_pv_Wh_div_radiation;0.0;0;200;5;False;0.0000;;/work/20_analysis/20_40_meteo_forecast/20_40_11_pv_weather_model/20_40_11_pv_weather_common.csv;2026-06-14T07:04:01;2026-07-12T18:01:01
2026-06-14;06;06:00;5.1282;calculated_actual_pv_Wh_div_radiation;7.0;10;400;78;False;0.0000;;/work/20_analysis/20_40_meteo_forecast/20_40_11_pv_weather_model/20_40_11_pv_weather_common.csv;2026-06-14T08:00:35;2026-07-12T18:01:01
2026-06-14;09;09:00;2.8017;calculated_actual_pv_Wh_div_radiation;5.0;5;1300;464;True;2.7000;3.8;/work/20_analysis/20_40_meteo_forecast/20_40_11_pv_weather_model/20_40_11_pv_weather_common.csv;2026-06-14T12:05:03;2026-07-12T18:01:01
2026-06-14;10;10:00;3.2520;calculated_actual_pv_Wh_div_radiation;3.0;5;2000;615;True;3.7000;-12.1;/work/20_analysis/20_40_meteo_forecast/20_40_11_pv_weather_model/20_40_11_pv_weather_common.csv;2026-06-14T12:05:03;2026-07-12T18:01:01
2026-06-14;15;15:00;6.3898;calculated_actual_pv_Wh_div_radiation;0.0;0;2000;313;True;6.9000;-7.4;/work/20_analysis/20_40_meteo_forecast/20_40_11_pv_weather_model/20_40_11_pv_weather_common.csv;2026-06-14T17:00:36;2026-07-12T18:01:01
2026-06-14;16;16:00;7.6923;calculated_actual_pv_Wh_div_radiation;0.0;0;4400;572;True;7.0000;9.9;/work/20_analysis/20_40_meteo_forecast/20_40_11_pv_weather_model/20_40_11_pv_weather_common.csv;2026-06-14T18:05:04;2026-07-12T18:01:01
2026-06-14;18;18:00;5.2023;calculated_actual_pv_Wh_div_radiation;0.0;0;1800;346;True;5.8000;-10.3;/work/20_analysis/20_40_meteo_forecast/20_40_11_pv_weather_model/20_40_11_pv_weather_common.csv;2026-06-14T20:00:37;2026-07-12T18:01:01
2026-06-14;19;19:00;2.7451;calculated_actual_pv_Wh_div_radiation;0.0;0;700;255;True;4.4000;-37.6;/work/20_analysis/20_40_meteo_forecast/20_40_11_pv_weather_model/20_40_11_pv_weather_common.csv;2026-06-14T21:03:18;2026-07-12T18:01:01
2026-06-14;20;20:00;1.7241;calculated_actual_pv_Wh_div_radiation;7.0;10;200;116;True;2.6000;-33.7;/work/20_analysis/20_40_meteo_forecast/20_40_11_pv_weather_model/20_40_11_pv_weather_common.csv;2026-06-14T22:00:35;2026-07-12T18:01:01
2026-06-15;06;06:00;8.1081;calculated_actual_pv_Wh_div_radiation;0.0;0;600;74;False;0.0000;;/work/20_analysis/20_40_meteo_forecast/20_40_11_pv_weather_model/20_40_11_pv_weather_common.csv;2026-06-15T08:00:35;2026-07-12T18:01:01
2026-06-15;07;07:00;3.7915;calculated_actual_pv_Wh_div_radiation;0.0;0;800;211;True;1.0000;279.1;/work/20_analysis/20_40_meteo_forecast/20_40_11_pv_weather_model/20_40_11_pv_weather_common.csv;2026-06-15T09:02:19;2026-07-12T18:01:01
2026-06-15;10;10:00;1.7742;calculated_actual_pv_Wh_div_radiation;8.0;10;1100;620;True;3.7000;-52.0;/work/20_analysis/20_40_meteo_forecast/20_40_11_pv_weather_model/20_40_11_pv_weather_common.csv;2026-06-15T12:00:35;2026-07-12T18:01:01
2026-06-15;13;13:00;3.5627;calculated_actual_pv_Wh_div_radiation;8.0;10;2900;814;True;5.9000;-39.6;/work/20_analysis/20_40_meteo_forecast/20_40_11_pv_weather_model/20_40_11_pv_weather_common.csv;2026-06-15T15:02:17;2026-07-12T18:01:01
2026-06-15;16;16:00;4.5386;calculated_actual_pv_Wh_div_radiation;5.0;5;3000;661;True;7.0000;-35.2;/work/20_analysis/20_40_meteo_forecast/20_40_11_pv_weather_model/20_40_11_pv_weather_common.csv;2026-06-15T18:00:35;2026-07-12T18:01:01
2026-06-16;08;08:00;2.3739;calculated_actual_pv_Wh_div_radiation;2.0;5;800;337;True;1.8000;31.9;/work/20_analysis/20_40_meteo_forecast/20_40_11_pv_weather_model/20_40_11_pv_weather_common.csv;2026-06-16T10:00:36;2026-07-12T18:01:01
2026-06-16;09;09:00;2.6087;calculated_actual_pv_Wh_div_radiation;0.0;0;1200;460;True;2.7000;-3.4;/work/20_analysis/20_40_meteo_forecast/20_40_11_pv_weather_model/20_40_11_pv_weather_common.csv;2026-06-16T11:00:36;2026-07-12T18:01:01
2026-06-16;10;10:00;2.9985;calculated_actual_pv_Wh_div_radiation;2.0;5;2000;667;True;3.7000;-19.0;/work/20_analysis/20_40_meteo_forecast/20_40_11_pv_weather_model/20_40_11_pv_weather_common.csv;2026-06-16T12:00:36;2026-07-12T18:01:01
2026-06-16;12;12:00;4.5828;calculated_actual_pv_Wh_div_radiation;9.0;10;3900;851;True;5.2000;-11.9;/work/20_analysis/20_40_meteo_forecast/20_40_11_pv_weather_model/20_40_11_pv_weather_common.csv;2026-06-16T14:00:38;2026-07-12T18:01:01
2026-06-16;13;13:00;5.2988;calculated_actual_pv_Wh_div_radiation;2.0;5;4700;887;True;5.9000;-10.2;/work/20_analysis/20_40_meteo_forecast/20_40_11_pv_weather_model/20_40_11_pv_weather_common.csv;2026-06-16T15:00:37;2026-07-12T18:01:01
2026-06-16;14;14:00;6.0641;calculated_actual_pv_Wh_div_radiation;1.0;5;5300;874;True;6.5000;-6.7;/work/20_analysis/20_40_meteo_forecast/20_40_11_pv_weather_model/20_40_11_pv_weather_common.csv;2026-06-16T16:00:36;2026-07-12T18:01:01
2026-06-16;15;15:00;6.6095;calculated_actual_pv_Wh_div_radiation;0.0;0;5400;817;True;6.9000;-4.2;/work/20_analysis/20_40_meteo_forecast/20_40_11_pv_weather_model/20_40_11_pv_weather_common.csv;2026-06-16T17:00:38;2026-07-12T18:01:01
2026-06-16;16;16:00;6.0309;calculated_actual_pv_Wh_div_radiation;0.0;0;4300;713;True;7.0000;-13.8;/work/20_analysis/20_40_meteo_forecast/20_40_11_pv_weather_model/20_40_11_pv_weather_common.csv;2026-06-16T18:00:38;2026-07-12T18:01:01
2026-06-17;10;10:00;5.1064;calculated_actual_pv_Wh_div_radiation;4.0;5;1200;235;True;3.7000;38.0;/work/20_analysis/20_40_meteo_forecast/20_40_11_pv_weather_model/20_40_11_pv_weather_common.csv;2026-06-17T12:00:37;2026-07-12T18:01:01
2026-06-17;13;13:00;9.6317;calculated_actual_pv_Wh_div_radiation;4.0;5;3400;353;True;5.9000;63.2;/work/20_analysis/20_40_meteo_forecast/20_40_11_pv_weather_model/20_40_11_pv_weather_common.csv;2026-06-17T15:00:37;2026-07-12T18:01:01
2026-06-18;20;20:00;1.8349;calculated_actual_pv_Wh_div_radiation;1.0;5;200;109;True;2.6000;-29.4;/work/20_analysis/20_40_meteo_forecast/20_40_11_pv_weather_model/20_40_11_pv_weather_common.csv;2026-06-18T22:00:36;2026-07-12T18:01:01
2026-06-19;06;06:00;4.4776;calculated_actual_pv_Wh_div_radiation;0.0;0;300;67;False;0.0000;;/work/20_analysis/20_40_meteo_forecast/20_40_11_pv_weather_model/20_40_11_pv_weather_common.csv;2026-06-19T08:02:18;2026-07-12T18:01:01
2026-06-19;09;09:00;3.0435;calculated_actual_pv_Wh_div_radiation;0.0;0;1400;460;True;2.7000;12.7;/work/20_analysis/20_40_meteo_forecast/20_40_11_pv_weather_model/20_40_11_pv_weather_common.csv;2026-06-19T11:05:04;2026-07-12T18:01:01
2026-06-19;10;10:00;2.8169;calculated_actual_pv_Wh_div_radiation;0.0;0;1800;639;True;3.7000;-23.9;/work/20_analysis/20_40_meteo_forecast/20_40_11_pv_weather_model/20_40_11_pv_weather_common.csv;2026-06-19T12:00:35;2026-07-12T18:01:01
2026-06-19;21;21:00;0.0000;calculated_actual_pv_Wh_div_radiation;0.0;0;0;20;False;0.0000;;/work/20_analysis/20_40_meteo_forecast/20_40_11_pv_weather_model/20_40_11_pv_weather_common.csv;2026-06-19T23:00:36;2026-07-12T18:01:01
2026-06-20;05;05:00;20.0000;calculated_actual_pv_Wh_div_radiation;0.0;0;100;5;False;0.0000;;/work/20_analysis/20_40_meteo_forecast/20_40_11_pv_weather_model/20_40_11_pv_weather_common.csv;2026-06-20T07:02:17;2026-07-12T18:01:01
2026-06-20;14;14:00;5.7831;calculated_actual_pv_Wh_div_radiation;2.0;5;4800;830;True;6.5000;-11.0;/work/20_analysis/20_40_meteo_forecast/20_40_11_pv_weather_model/20_40_11_pv_weather_common.csv;2026-06-20T16:00:37;2026-07-12T18:01:01
2026-06-20;15;15:00;6.1460;calculated_actual_pv_Wh_div_radiation;9.0;10;4800;781;True;6.9000;-10.9;/work/20_analysis/20_40_meteo_forecast/20_40_11_pv_weather_model/20_40_11_pv_weather_common.csv;2026-06-20T17:00:35;2026-07-12T18:01:01
2026-06-20;16;16:00;4.8175;calculated_actual_pv_Wh_div_radiation;0.0;0;3300;685;True;7.0000;-31.2;/work/20_analysis/20_40_meteo_forecast/20_40_11_pv_weather_model/20_40_11_pv_weather_common.csv;2026-06-20T18:02:17;2026-07-12T18:01:01
2026-06-20;17;17:00;3.9783;calculated_actual_pv_Wh_div_radiation;0.0;0;2200;553;True;6.7000;-40.6;/work/20_analysis/20_40_meteo_forecast/20_40_11_pv_weather_model/20_40_11_pv_weather_common.csv;2026-06-20T19:00:36;2026-07-12T18:01:01
2026-06-20;18;18:00;5.4321;calculated_actual_pv_Wh_div_radiation;0.0;0;2200;405;True;5.8000;-6.3;/work/20_analysis/20_40_meteo_forecast/20_40_11_pv_weather_model/20_40_11_pv_weather_common.csv;2026-06-20T21:00:36;2026-07-12T18:01:01
2026-06-20;19;19:00;2.7778;calculated_actual_pv_Wh_div_radiation;2.0;5;700;252;True;4.4000;-36.9;/work/20_analysis/20_40_meteo_forecast/20_40_11_pv_weather_model/20_40_11_pv_weather_common.csv;2026-06-20T21:00:36;2026-07-12T18:01:01
2026-06-20;21;21:00;0.0000;calculated_actual_pv_Wh_div_radiation;4.0;5;0;19;False;0.0000;;/work/20_analysis/20_40_meteo_forecast/20_40_11_pv_weather_model/20_40_11_pv_weather_common.csv;2026-06-20T23:00:36;2026-07-12T18:01:01
2026-06-21;09;09:00;2.1142;calculated_actual_pv_Wh_div_radiation;8.0;10;1000;473;True;2.7000;-21.7;/work/20_analysis/20_40_meteo_forecast/20_40_11_pv_weather_model/20_40_11_pv_weather_common.csv;2026-06-21T11:00:35;2026-07-12T18:01:01
2026-06-21;12;12:00;4.5122;calculated_actual_pv_Wh_div_radiation;0.0;0;3700;820;True;5.2000;-13.2;/work/20_analysis/20_40_meteo_forecast/20_40_11_pv_weather_model/20_40_11_pv_weather_common.csv;2026-06-21T14:00:35;2026-07-12T18:01:01
2026-06-21;14;14:00;5.5108;calculated_actual_pv_Wh_div_radiation;7.0;10;4100;744;True;6.5000;-15.2;/work/20_analysis/20_40_meteo_forecast/20_40_11_pv_weather_model/20_40_11_pv_weather_common.csv;2026-06-21T16:00:35;2026-07-12T18:01:01
2026-06-23;06;06:00;3.4483;calculated_actual_pv_Wh_div_radiation;1.0;5;200;58;False;0.0000;;/work/20_analysis/20_40_meteo_forecast/20_40_11_pv_weather_model/20_40_11_pv_weather_common.csv;2026-06-23T08:00:37;2026-07-12T18:01:01
2026-06-23;07;07:00;2.0000;calculated_actual_pv_Wh_div_radiation;1.0;5;400;200;True;1.0000;100.0;/work/20_analysis/20_40_meteo_forecast/20_40_11_pv_weather_model/20_40_11_pv_weather_common.csv;2026-06-23T09:00:39;2026-07-12T18:01:01
2026-06-23;08;08:00;1.1628;calculated_actual_pv_Wh_div_radiation;0.0;0;400;344;True;1.8000;-35.4;/work/20_analysis/20_40_meteo_forecast/20_40_11_pv_weather_model/20_40_11_pv_weather_common.csv;2026-06-23T10:00:38;2026-07-12T18:01:01
2026-06-23;09;09:00;1.3834;calculated_actual_pv_Wh_div_radiation;0.0;0;700;506;True;2.7000;-48.8;/work/20_analysis/20_40_meteo_forecast/20_40_11_pv_weather_model/20_40_11_pv_weather_common.csv;2026-06-23T11:00:38;2026-07-12T18:01:01
2026-06-23;10;10:00;2.6275;calculated_actual_pv_Wh_div_radiation;0.0;0;1700;647;True;3.7000;-29.0;/work/20_analysis/20_40_meteo_forecast/20_40_11_pv_weather_model/20_40_11_pv_weather_common.csv;2026-06-23T12:00:38;2026-07-12T18:01:01
2026-06-23;11;11:00;3.8208;calculated_actual_pv_Wh_div_radiation;2.0;5;2900;759;True;4.5000;-15.1;/work/20_analysis/20_40_meteo_forecast/20_40_11_pv_weather_model/20_40_11_pv_weather_common.csv;2026-06-23T13:00:46;2026-07-12T18:01:01
2026-06-23;12;12:00;3.8694;calculated_actual_pv_Wh_div_radiation;9.0;10;3200;827;True;5.2000;-25.6;/work/20_analysis/20_40_meteo_forecast/20_40_11_pv_weather_model/20_40_11_pv_weather_common.csv;2026-06-23T14:00:39;2026-07-12T18:01:01
2026-06-24;05;05:00;25.0000;calculated_actual_pv_Wh_div_radiation;0.0;0;100;4;False;0.0000;;/work/20_analysis/20_40_meteo_forecast/20_40_11_pv_weather_model/20_40_11_pv_weather_common.csv;2026-06-24T07:00:37;2026-07-12T18:01:01
2026-06-24;06;06:00;4.0000;calculated_actual_pv_Wh_div_radiation;0.0;0;300;75;False;0.0000;;/work/20_analysis/20_40_meteo_forecast/20_40_11_pv_weather_model/20_40_11_pv_weather_common.csv;2026-06-24T08:00:38;2026-07-12T18:01:01
2026-06-24;07;07:00;1.4851;calculated_actual_pv_Wh_div_radiation;0.0;0;300;202;True;1.0000;48.5;/work/20_analysis/20_40_meteo_forecast/20_40_11_pv_weather_model/20_40_11_pv_weather_common.csv;2026-06-24T09:00:38;2026-07-12T18:01:01
2026-06-24;08;08:00;1.1268;calculated_actual_pv_Wh_div_radiation;0.0;0;400;355;True;1.8000;-37.4;/work/20_analysis/20_40_meteo_forecast/20_40_11_pv_weather_model/20_40_11_pv_weather_common.csv;2026-06-24T10:00:38;2026-07-12T18:01:01
2026-06-24;09;09:00;1.3699;calculated_actual_pv_Wh_div_radiation;0.0;0;700;511;True;2.7000;-49.3;/work/20_analysis/20_40_meteo_forecast/20_40_11_pv_weather_model/20_40_11_pv_weather_common.csv;2026-06-24T11:02:22;2026-07-12T18:01:01
2026-06-24;10;10:00;2.6034;calculated_actual_pv_Wh_div_radiation;0.0;0;1700;653;True;3.7000;-29.6;/work/20_analysis/20_40_meteo_forecast/20_40_11_pv_weather_model/20_40_11_pv_weather_common.csv;2026-06-24T12:00:38;2026-07-12T18:01:01
2026-06-24;11;11:00;3.4974;calculated_actual_pv_Wh_div_radiation;0.0;0;2700;772;True;4.5000;-22.3;/work/20_analysis/20_40_meteo_forecast/20_40_11_pv_weather_model/20_40_11_pv_weather_common.csv;2026-06-24T14:00:37;2026-07-12T18:01:01
2026-06-24;12;12:00;4.3581;calculated_actual_pv_Wh_div_radiation;0.0;0;3700;849;True;5.2000;-16.2;/work/20_analysis/20_40_meteo_forecast/20_40_11_pv_weather_model/20_40_11_pv_weather_common.csv;2026-06-24T14:00:37;2026-07-12T18:01:01
2026-06-24;13;13:00;4.8864;calculated_actual_pv_Wh_div_radiation;1.0;5;4300;880;True;5.9000;-17.2;/work/20_analysis/20_40_meteo_forecast/20_40_11_pv_weather_model/20_40_11_pv_weather_common.csv;2026-06-24T15:00:39;2026-07-12T18:01:01
2026-06-24;14;14:00;6.0355;calculated_actual_pv_Wh_div_radiation;8.0;10;5100;845;True;6.5000;-7.1;/work/20_analysis/20_40_meteo_forecast/20_40_11_pv_weather_model/20_40_11_pv_weather_common.csv;2026-06-24T16:00:39;2026-07-12T18:01:01
2026-06-24;19;19:00;7.2034;calculated_actual_pv_Wh_div_radiation;2.0;5;1700;236;True;4.4000;63.7;/work/20_analysis/20_40_meteo_forecast/20_40_11_pv_weather_model/20_40_11_pv_weather_common.csv;2026-06-24T21:02:44;2026-07-12T18:01:01
2026-06-24;20;20:00;1.7544;calculated_actual_pv_Wh_div_radiation;10.0;10;200;114;True;2.6000;-32.5;/work/20_analysis/20_40_meteo_forecast/20_40_11_pv_weather_model/20_40_11_pv_weather_common.csv;2026-06-24T22:00:37;2026-07-12T18:01:01
2026-06-24;21;21:00;0.0000;calculated_actual_pv_Wh_div_radiation;0.0;0;0;21;False;0.0000;;/work/20_analysis/20_40_meteo_forecast/20_40_11_pv_weather_model/20_40_11_pv_weather_common.csv;2026-06-24T23:02:21;2026-07-12T18:01:01
2026-06-25;05;05:00;25.0000;calculated_actual_pv_Wh_div_radiation;0.0;0;100;4;False;0.0000;;/work/20_analysis/20_40_meteo_forecast/20_40_11_pv_weather_model/20_40_11_pv_weather_common.csv;2026-06-25T07:00:38;2026-07-12T18:01:01
2026-06-25;06;06:00;2.7027;calculated_actual_pv_Wh_div_radiation;0.0;0;200;74;False;0.0000;;/work/20_analysis/20_40_meteo_forecast/20_40_11_pv_weather_model/20_40_11_pv_weather_common.csv;2026-06-25T08:00:39;2026-07-12T18:01:01
2026-06-25;07;07:00;1.4925;calculated_actual_pv_Wh_div_radiation;0.0;0;300;201;True;1.0000;49.3;/work/20_analysis/20_40_meteo_forecast/20_40_11_pv_weather_model/20_40_11_pv_weather_common.csv;2026-06-25T09:00:38;2026-07-12T18:01:01
2026-06-25;08;08:00;1.1364;calculated_actual_pv_Wh_div_radiation;0.0;0;400;352;True;1.8000;-36.9;/work/20_analysis/20_40_meteo_forecast/20_40_11_pv_weather_model/20_40_11_pv_weather_common.csv;2026-06-25T10:00:37;2026-07-12T18:01:01
2026-06-25;09;09:00;1.3861;calculated_actual_pv_Wh_div_radiation;0.0;0;700;505;True;2.7000;-48.7;/work/20_analysis/20_40_meteo_forecast/20_40_11_pv_weather_model/20_40_11_pv_weather_common.csv;2026-06-25T11:00:41;2026-07-12T18:01:01
2026-06-25;10;10:00;2.4845;calculated_actual_pv_Wh_div_radiation;0.0;0;1600;644;True;3.7000;-32.9;/work/20_analysis/20_40_meteo_forecast/20_40_11_pv_weather_model/20_40_11_pv_weather_common.csv;2026-06-25T12:00:37;2026-07-12T18:01:01
2026-06-25;11;11:00;3.5620;calculated_actual_pv_Wh_div_radiation;0.0;0;2700;758;True;4.5000;-20.8;/work/20_analysis/20_40_meteo_forecast/20_40_11_pv_weather_model/20_40_11_pv_weather_common.csv;2026-06-25T13:00:53;2026-07-12T18:01:01
2026-06-25;12;12:00;4.4365;calculated_actual_pv_Wh_div_radiation;0.0;0;3700;834;True;5.2000;-14.7;/work/20_analysis/20_40_meteo_forecast/20_40_11_pv_weather_model/20_40_11_pv_weather_common.csv;2026-06-25T14:00:39;2026-07-12T18:01:01
2026-06-25;13;13:00;5.0808;calculated_actual_pv_Wh_div_radiation;0.0;0;4400;866;True;5.9000;-13.9;/work/20_analysis/20_40_meteo_forecast/20_40_11_pv_weather_model/20_40_11_pv_weather_common.csv;2026-06-25T15:00:38;2026-07-12T18:01:01
2026-06-25;14;14:00;5.7579;calculated_actual_pv_Wh_div_radiation;4.0;5;4900;851;True;6.5000;-11.4;/work/20_analysis/20_40_meteo_forecast/20_40_11_pv_weather_model/20_40_11_pv_weather_common.csv;2026-06-25T16:00:39;2026-07-12T18:01:01
2026-06-25;16;16:00;8.1511;calculated_actual_pv_Wh_div_radiation;8.0;10;4100;503;True;7.0000;16.4;/work/20_analysis/20_40_meteo_forecast/20_40_11_pv_weather_model/20_40_11_pv_weather_common.csv;2026-06-25T18:00:40;2026-07-12T18:01:01
2026-06-25;17;17:00;5.1971;calculated_actual_pv_Wh_div_radiation;0.0;0;2900;558;True;6.7000;-22.4;/work/20_analysis/20_40_meteo_forecast/20_40_11_pv_weather_model/20_40_11_pv_weather_common.csv;2026-06-25T19:00:41;2026-07-12T18:01:01
2026-06-25;18;18:00;6.5854;calculated_actual_pv_Wh_div_radiation;0.0;0;2700;410;True;5.8000;13.5;/work/20_analysis/20_40_meteo_forecast/20_40_11_pv_weather_model/20_40_11_pv_weather_common.csv;2026-06-25T20:00:40;2026-07-12T18:01:01
2026-06-25;19;19:00;6.6148;calculated_actual_pv_Wh_div_radiation;0.0;0;1700;257;True;4.4000;50.3;/work/20_analysis/20_40_meteo_forecast/20_40_11_pv_weather_model/20_40_11_pv_weather_common.csv;2026-06-25T21:00:42;2026-07-12T18:01:01
2026-06-25;20;20:00;0.8403;calculated_actual_pv_Wh_div_radiation;0.0;0;100;119;True;2.6000;-67.7;/work/20_analysis/20_40_meteo_forecast/20_40_11_pv_weather_model/20_40_11_pv_weather_common.csv;2026-06-25T22:00:38;2026-07-12T18:01:01
2026-06-25;21;21:00;0.0000;calculated_actual_pv_Wh_div_radiation;0.0;0;0;22;False;0.0000;;/work/20_analysis/20_40_meteo_forecast/20_40_11_pv_weather_model/20_40_11_pv_weather_common.csv;2026-06-25T23:00:39;2026-07-12T18:01:01
2026-06-26;05;05:00;25.0000;calculated_actual_pv_Wh_div_radiation;0.0;0;100;4;False;0.0000;;/work/20_analysis/20_40_meteo_forecast/20_40_11_pv_weather_model/20_40_11_pv_weather_common.csv;2026-06-26T07:00:38;2026-07-12T18:01:01
2026-06-26;06;06:00;4.1096;calculated_actual_pv_Wh_div_radiation;0.0;0;300;73;False;0.0000;;/work/20_analysis/20_40_meteo_forecast/20_40_11_pv_weather_model/20_40_11_pv_weather_common.csv;2026-06-26T08:00:38;2026-07-12T18:01:01
2026-06-26;07;07:00;1.5306;calculated_actual_pv_Wh_div_radiation;0.0;0;300;196;True;1.0000;53.1;/work/20_analysis/20_40_meteo_forecast/20_40_11_pv_weather_model/20_40_11_pv_weather_common.csv;2026-06-26T09:00:38;2026-07-12T18:01:01
2026-06-26;08;08:00;1.4535;calculated_actual_pv_Wh_div_radiation;0.0;0;500;344;True;1.8000;-19.3;/work/20_analysis/20_40_meteo_forecast/20_40_11_pv_weather_model/20_40_11_pv_weather_common.csv;2026-06-26T10:00:38;2026-07-12T18:01:01
2026-06-26;09;09:00;1.6162;calculated_actual_pv_Wh_div_radiation;0.0;0;800;495;True;2.7000;-40.1;/work/20_analysis/20_40_meteo_forecast/20_40_11_pv_weather_model/20_40_11_pv_weather_common.csv;2026-06-26T11:00:38;2026-07-12T18:01:01
2026-06-26;10;10:00;2.5237;calculated_actual_pv_Wh_div_radiation;0.0;0;1600;634;True;3.7000;-31.8;/work/20_analysis/20_40_meteo_forecast/20_40_11_pv_weather_model/20_40_11_pv_weather_common.csv;2026-06-26T12:00:38;2026-07-12T18:01:01
2026-06-26;15;15:00;6.0137;calculated_actual_pv_Wh_div_radiation;4.0;5;3500;582;True;6.9000;-12.8;/work/20_analysis/20_40_meteo_forecast/20_40_11_pv_weather_model/20_40_11_pv_weather_common.csv;2026-06-26T17:00:38;2026-07-12T18:01:01
2026-06-26;16;16:00;5.7018;calculated_actual_pv_Wh_div_radiation;0.0;0;3900;684;True;7.0000;-18.5;/work/20_analysis/20_40_meteo_forecast/20_40_11_pv_weather_model/20_40_11_pv_weather_common.csv;2026-06-26T19:00:40;2026-07-12T18:01:01
2026-06-26;17;17:00;4.6847;calculated_actual_pv_Wh_div_radiation;0.0;0;2600;555;True;6.7000;-30.1;/work/20_analysis/20_40_meteo_forecast/20_40_11_pv_weather_model/20_40_11_pv_weather_common.csv;2026-06-26T19:00:40;2026-07-12T18:01:01
2026-06-26;18;18:00;6.8627;calculated_actual_pv_Wh_div_radiation;0.0;0;2800;408;True;5.8000;18.3;/work/20_analysis/20_40_meteo_forecast/20_40_11_pv_weather_model/20_40_11_pv_weather_common.csv;2026-06-26T20:00:39;2026-07-12T18:01:01
2026-06-26;19;19:00;6.6406;calculated_actual_pv_Wh_div_radiation;0.0;0;1700;256;True;4.4000;50.9;/work/20_analysis/20_40_meteo_forecast/20_40_11_pv_weather_model/20_40_11_pv_weather_common.csv;2026-06-26T21:04:08;2026-07-12T18:01:01
2026-06-26;20;20:00;1.6667;calculated_actual_pv_Wh_div_radiation;0.0;0;200;120;True;2.6000;-35.9;/work/20_analysis/20_40_meteo_forecast/20_40_11_pv_weather_model/20_40_11_pv_weather_common.csv;2026-06-26T22:00:40;2026-07-12T18:01:01
2026-06-27;05;05:00;25.0000;calculated_actual_pv_Wh_div_radiation;0.0;0;100;4;False;0.0000;;/work/20_analysis/20_40_meteo_forecast/20_40_11_pv_weather_model/20_40_11_pv_weather_common.csv;2026-06-27T07:00:38;2026-07-12T18:01:01
2026-06-27;06;06:00;2.7778;calculated_actual_pv_Wh_div_radiation;0.0;0;200;72;False;0.0000;;/work/20_analysis/20_40_meteo_forecast/20_40_11_pv_weather_model/20_40_11_pv_weather_common.csv;2026-06-27T08:00:39;2026-07-12T18:01:01
2026-06-27;07;07:00;1.5152;calculated_actual_pv_Wh_div_radiation;0.0;0;300;198;True;1.0000;51.5;/work/20_analysis/20_40_meteo_forecast/20_40_11_pv_weather_model/20_40_11_pv_weather_common.csv;2026-06-27T09:00:38;2026-07-12T18:01:01
2026-06-27;08;08:00;1.1429;calculated_actual_pv_Wh_div_radiation;0.0;0;400;350;True;1.8000;-36.5;/work/20_analysis/20_40_meteo_forecast/20_40_11_pv_weather_model/20_40_11_pv_weather_common.csv;2026-06-27T10:00:37;2026-07-12T18:01:01
2026-06-27;09;09:00;1.3889;calculated_actual_pv_Wh_div_radiation;0.0;0;700;504;True;2.7000;-48.6;/work/20_analysis/20_40_meteo_forecast/20_40_11_pv_weather_model/20_40_11_pv_weather_common.csv;2026-06-27T11:00:38;2026-07-12T18:01:01
2026-06-27;10;10:00;2.4845;calculated_actual_pv_Wh_div_radiation;0.0;0;1600;644;True;3.7000;-32.9;/work/20_analysis/20_40_meteo_forecast/20_40_11_pv_weather_model/20_40_11_pv_weather_common.csv;2026-06-27T12:00:39;2026-07-12T18:01:01
2026-06-27;11;11:00;3.4211;calculated_actual_pv_Wh_div_radiation;0.0;0;2600;760;True;4.5000;-24.0;/work/20_analysis/20_40_meteo_forecast/20_40_11_pv_weather_model/20_40_11_pv_weather_common.csv;2026-06-27T13:00:39;2026-07-12T18:01:01
2026-06-27;12;12:00;4.1766;calculated_actual_pv_Wh_div_radiation;0.0;0;3500;838;True;5.2000;-19.7;/work/20_analysis/20_40_meteo_forecast/20_40_11_pv_weather_model/20_40_11_pv_weather_common.csv;2026-06-27T14:00:38;2026-07-12T18:01:01
2026-06-27;13;13:00;4.9312;calculated_actual_pv_Wh_div_radiation;0.0;0;4300;872;True;5.9000;-16.4;/work/20_analysis/20_40_meteo_forecast/20_40_11_pv_weather_model/20_40_11_pv_weather_common.csv;2026-06-27T15:00:41;2026-07-12T18:01:01
2026-06-27;14;14:00;5.5944;calculated_actual_pv_Wh_div_radiation;0.0;0;4800;858;True;6.5000;-13.9;/work/20_analysis/20_40_meteo_forecast/20_40_11_pv_weather_model/20_40_11_pv_weather_common.csv;2026-06-27T16:00:39;2026-07-12T18:01:01
2026-06-27;15;15:00;5.9045;calculated_actual_pv_Wh_div_radiation;0.0;0;4700;796;True;6.9000;-14.4;/work/20_analysis/20_40_meteo_forecast/20_40_11_pv_weather_model/20_40_11_pv_weather_common.csv;2026-06-27T17:00:38;2026-07-12T18:01:01
2026-06-27;16;16:00;5.0505;calculated_actual_pv_Wh_div_radiation;0.0;0;3500;693;True;7.0000;-27.8;/work/20_analysis/20_40_meteo_forecast/20_40_11_pv_weather_model/20_40_11_pv_weather_common.csv;2026-06-27T18:00:40;2026-07-12T18:01:01
2026-06-27;17;17:00;3.3808;calculated_actual_pv_Wh_div_radiation;0.0;0;1900;562;True;6.7000;-49.5;/work/20_analysis/20_40_meteo_forecast/20_40_11_pv_weather_model/20_40_11_pv_weather_common.csv;2026-06-27T19:00:48;2026-07-12T18:01:01
2026-06-27;18;18:00;5.0847;calculated_actual_pv_Wh_div_radiation;0.0;0;2100;413;True;5.8000;-12.3;/work/20_analysis/20_40_meteo_forecast/20_40_11_pv_weather_model/20_40_11_pv_weather_common.csv;2026-06-27T20:00:40;2026-07-12T18:01:01
2026-06-27;19;19:00;6.2016;calculated_actual_pv_Wh_div_radiation;0.0;0;1600;258;True;4.4000;40.9;/work/20_analysis/20_40_meteo_forecast/20_40_11_pv_weather_model/20_40_11_pv_weather_common.csv;2026-06-27T23:00:40;2026-07-12T18:01:01
2026-06-27;20;20:00;1.6807;calculated_actual_pv_Wh_div_radiation;0.0;0;200;119;True;2.6000;-35.4;/work/20_analysis/20_40_meteo_forecast/20_40_11_pv_weather_model/20_40_11_pv_weather_common.csv;2026-06-27T23:00:40;2026-07-12T18:01:01
2026-06-27;21;21:00;0.0000;calculated_actual_pv_Wh_div_radiation;0.0;0;0;22;False;0.0000;;/work/20_analysis/20_40_meteo_forecast/20_40_11_pv_weather_model/20_40_11_pv_weather_common.csv;2026-06-27T23:00:40;2026-07-12T18:01:01
2026-06-28;05;05:00;25.0000;calculated_actual_pv_Wh_div_radiation;0.0;0;100;4;False;0.0000;;/work/20_analysis/20_40_meteo_forecast/20_40_11_pv_weather_model/20_40_11_pv_weather_common.csv;2026-06-28T07:00:39;2026-07-12T18:01:01
2026-06-28;06;06:00;2.8571;calculated_actual_pv_Wh_div_radiation;0.0;0;200;70;False;0.0000;;/work/20_analysis/20_40_meteo_forecast/20_40_11_pv_weather_model/20_40_11_pv_weather_common.csv;2026-06-28T08:00:38;2026-07-12T18:01:01
2026-06-28;07;07:00;2.0513;calculated_actual_pv_Wh_div_radiation;0.0;0;400;195;True;1.0000;105.1;/work/20_analysis/20_40_meteo_forecast/20_40_11_pv_weather_model/20_40_11_pv_weather_common.csv;2026-06-28T09:00:38;2026-07-12T18:01:01
2026-06-28;08;08:00;1.4493;calculated_actual_pv_Wh_div_radiation;0.0;0;500;345;True;1.8000;-19.5;/work/20_analysis/20_40_meteo_forecast/20_40_11_pv_weather_model/20_40_11_pv_weather_common.csv;2026-06-28T10:00:39;2026-07-12T18:01:01
2026-06-28;09;09:00;1.6162;calculated_actual_pv_Wh_div_radiation;6.0;10;800;495;True;2.7000;-40.1;/work/20_analysis/20_40_meteo_forecast/20_40_11_pv_weather_model/20_40_11_pv_weather_common.csv;2026-06-28T11:00:38;2026-07-12T18:01:01
2026-06-28;10;10:00;2.5237;calculated_actual_pv_Wh_div_radiation;0.0;0;1600;634;True;3.7000;-31.8;/work/20_analysis/20_40_meteo_forecast/20_40_11_pv_weather_model/20_40_11_pv_weather_common.csv;2026-06-28T12:00:41;2026-07-12T18:01:01
2026-06-28;11;11:00;3.4759;calculated_actual_pv_Wh_div_radiation;0.0;0;2600;748;True;4.5000;-22.8;/work/20_analysis/20_40_meteo_forecast/20_40_11_pv_weather_model/20_40_11_pv_weather_common.csv;2026-06-28T13:00:39;2026-07-12T18:01:01
2026-06-28;14;14:00;5.5687;calculated_actual_pv_Wh_div_radiation;0.0;0;4700;844;True;6.5000;-14.3;/work/20_analysis/20_40_meteo_forecast/20_40_11_pv_weather_model/20_40_11_pv_weather_common.csv;2026-06-28T16:00:36;2026-07-12T18:01:01
2026-06-28;15;15:00;5.8599;calculated_actual_pv_Wh_div_radiation;0.0;0;4600;785;True;6.9000;-15.1;/work/20_analysis/20_40_meteo_forecast/20_40_11_pv_weather_model/20_40_11_pv_weather_common.csv;2026-06-28T17:00:40;2026-07-12T18:01:01
2026-06-28;16;16:00;4.8175;calculated_actual_pv_Wh_div_radiation;0.0;0;3300;685;True;7.0000;-31.2;/work/20_analysis/20_40_meteo_forecast/20_40_11_pv_weather_model/20_40_11_pv_weather_common.csv;2026-06-28T18:00:38;2026-07-12T18:01:01
2026-06-29;06;06:00;2.9412;calculated_actual_pv_Wh_div_radiation;0.0;0;200;68;False;0.0000;;/work/20_analysis/20_40_meteo_forecast/20_40_11_pv_weather_model/20_40_11_pv_weather_common.csv;2026-06-29T08:00:44;2026-07-12T18:01:01
2026-06-29;07;07:00;2.0725;calculated_actual_pv_Wh_div_radiation;5.0;5;400;193;True;1.0000;107.3;/work/20_analysis/20_40_meteo_forecast/20_40_11_pv_weather_model/20_40_11_pv_weather_common.csv;2026-06-29T09:00:43;2026-07-12T18:01:01
2026-06-29;09;09:00;1.4170;calculated_actual_pv_Wh_div_radiation;0.0;0;700;494;True;2.7000;-47.5;/work/20_analysis/20_40_meteo_forecast/20_40_11_pv_weather_model/20_40_11_pv_weather_common.csv;2026-06-29T11:00:42;2026-07-12T18:01:01
2026-06-29;10;10:00;2.5197;calculated_actual_pv_Wh_div_radiation;0.0;0;1600;635;True;3.7000;-31.9;/work/20_analysis/20_40_meteo_forecast/20_40_11_pv_weather_model/20_40_11_pv_weather_common.csv;2026-06-29T12:00:42;2026-07-12T18:01:01
2026-06-29;11;11:00;3.4621;calculated_actual_pv_Wh_div_radiation;0.0;0;2600;751;True;4.5000;-23.1;/work/20_analysis/20_40_meteo_forecast/20_40_11_pv_weather_model/20_40_11_pv_weather_common.csv;2026-06-29T13:00:42;2026-07-12T18:01:01
2026-06-29;12;12:00;4.2271;calculated_actual_pv_Wh_div_radiation;0.0;0;3500;828;True;5.2000;-18.7;/work/20_analysis/20_40_meteo_forecast/20_40_11_pv_weather_model/20_40_11_pv_weather_common.csv;2026-06-29T14:00:42;2026-07-12T18:01:01
2026-06-29;13;13:00;4.7564;calculated_actual_pv_Wh_div_radiation;0.0;0;4100;862;True;5.9000;-19.4;/work/20_analysis/20_40_meteo_forecast/20_40_11_pv_weather_model/20_40_11_pv_weather_common.csv;2026-06-29T15:00:44;2026-07-12T18:01:01
2026-06-29;16;16:00;4.1359;calculated_actual_pv_Wh_div_radiation;1.0;5;2800;677;True;7.0000;-40.9;/work/20_analysis/20_40_meteo_forecast/20_40_11_pv_weather_model/20_40_11_pv_weather_common.csv;2026-06-29T18:00:43;2026-07-12T18:01:01
2026-06-29;17;17:00;1.8083;calculated_actual_pv_Wh_div_radiation;0.0;0;1000;553;True;6.7000;-73.0;/work/20_analysis/20_40_meteo_forecast/20_40_11_pv_weather_model/20_40_11_pv_weather_common.csv;2026-06-29T19:00:42;2026-07-12T18:01:01
2026-06-30;08;08:00;1.4881;calculated_actual_pv_Wh_div_radiation;6.0;10;500;336;True;1.8000;-17.3;/work/20_analysis/20_40_meteo_forecast/20_40_11_pv_weather_model/20_40_11_pv_weather_common.csv;2026-06-30T10:00:42;2026-07-12T18:01:01
2026-06-30;12;12:00;4.1872;calculated_actual_pv_Wh_div_radiation;0.0;0;3400;812;True;5.2000;-19.5;/work/20_analysis/20_40_meteo_forecast/20_40_11_pv_weather_model/20_40_11_pv_weather_common.csv;2026-06-30T14:00:47;2026-07-12T18:01:01
2026-06-30;13;13:00;4.8066;calculated_actual_pv_Wh_div_radiation;0.0;0;4100;853;True;5.9000;-18.5;/work/20_analysis/20_40_meteo_forecast/20_40_11_pv_weather_model/20_40_11_pv_weather_common.csv;2026-06-30T15:00:44;2026-07-12T18:01:01
2026-06-30;21;21:00;0.0000;calculated_actual_pv_Wh_div_radiation;0.0;0;0;15;False;0.0000;;/work/20_analysis/20_40_meteo_forecast/20_40_11_pv_weather_model/20_40_11_pv_weather_common.csv;2026-06-30T23:00:44;2026-07-12T18:01:01
2026-07-01;05;05:00;0.0000;calculated_actual_pv_Wh_div_radiation;0.0;0;0;3;False;0.0000;;/work/20_analysis/20_40_meteo_forecast/20_40_11_pv_weather_model/20_40_11_pv_weather_common.csv;2026-07-01T07:02:27;2026-07-12T18:01:01
2026-07-02;15;15:00;7.6104;calculated_actual_pv_Wh_div_radiation;0.0;0;5000;657;True;6.9000;10.3;/work/20_analysis/20_40_meteo_forecast/20_40_11_pv_weather_model/20_40_11_pv_weather_common.csv;2026-07-02T17:00:44;2026-07-12T18:01:01
2026-07-02;16;16:00;6.0694;calculated_actual_pv_Wh_div_radiation;0.0;0;4200;692;True;7.0000;-13.3;/work/20_analysis/20_40_meteo_forecast/20_40_11_pv_weather_model/20_40_11_pv_weather_common.csv;2026-07-02T18:00:44;2026-07-12T18:01:01
2026-07-02;17;17:00;3.0303;calculated_actual_pv_Wh_div_radiation;0.0;0;1700;561;True;6.7000;-54.8;/work/20_analysis/20_40_meteo_forecast/20_40_11_pv_weather_model/20_40_11_pv_weather_common.csv;2026-07-02T19:00:43;2026-07-12T18:01:01
2026-07-02;18;18:00;4.9628;calculated_actual_pv_Wh_div_radiation;10.0;10;2000;403;True;5.8000;-14.4;/work/20_analysis/20_40_meteo_forecast/20_40_11_pv_weather_model/20_40_11_pv_weather_common.csv;2026-07-02T20:00:44;2026-07-12T18:01:01
2026-07-02;19;19:00;6.7729;calculated_actual_pv_Wh_div_radiation;0.0;0;1700;251;True;4.4000;53.9;/work/20_analysis/20_40_meteo_forecast/20_40_11_pv_weather_model/20_40_11_pv_weather_common.csv;2026-07-02T21:00:43;2026-07-12T18:01:01
2026-07-02;20;20:00;1.7094;calculated_actual_pv_Wh_div_radiation;0.0;0;200;117;True;2.6000;-34.3;/work/20_analysis/20_40_meteo_forecast/20_40_11_pv_weather_model/20_40_11_pv_weather_common.csv;2026-07-02T22:00:44;2026-07-12T18:01:01
2026-07-03;05;05:00;33.3333;calculated_actual_pv_Wh_div_radiation;0.0;0;100;3;False;0.0000;;/work/20_analysis/20_40_meteo_forecast/20_40_11_pv_weather_model/20_40_11_pv_weather_common.csv;2026-07-03T07:00:43;2026-07-12T18:01:01
2026-07-03;06;06:00;4.5455;calculated_actual_pv_Wh_div_radiation;0.0;0;300;66;False;0.0000;;/work/20_analysis/20_40_meteo_forecast/20_40_11_pv_weather_model/20_40_11_pv_weather_common.csv;2026-07-03T08:00:45;2026-07-12T18:01:01
2026-07-03;13;13:00;25.5814;calculated_actual_pv_Wh_div_radiation;0.0;0;3300;129;True;5.9000;333.6;/work/20_analysis/20_40_meteo_forecast/20_40_11_pv_weather_model/20_40_11_pv_weather_common.csv;2026-07-03T15:00:45;2026-07-12T18:01:01
2026-07-03;15;15:00;9.9617;calculated_actual_pv_Wh_div_radiation;0.0;0;5200;522;True;6.9000;44.4;/work/20_analysis/20_40_meteo_forecast/20_40_11_pv_weather_model/20_40_11_pv_weather_common.csv;2026-07-03T17:00:43;2026-07-12T18:01:01
2026-07-03;17;17:00;4.8924;calculated_actual_pv_Wh_div_radiation;6.0;10;2500;511;True;6.7000;-27.0;/work/20_analysis/20_40_meteo_forecast/20_40_11_pv_weather_model/20_40_11_pv_weather_common.csv;2026-07-03T21:00:46;2026-07-12T18:01:01
2026-07-03;21;21:00;4.5455;calculated_actual_pv_Wh_div_radiation;0.0;0;100;22;False;0.0000;;/work/20_analysis/20_40_meteo_forecast/20_40_11_pv_weather_model/20_40_11_pv_weather_common.csv;2026-07-03T23:00:47;2026-07-12T18:01:01
2026-07-04;07;07:00;1.7857;calculated_actual_pv_Wh_div_radiation;1.0;5;300;168;True;1.0000;78.6;/work/20_analysis/20_40_meteo_forecast/20_40_11_pv_weather_model/20_40_11_pv_weather_common.csv;2026-07-04T09:00:46;2026-07-12T18:01:01
2026-07-04;08;08:00;2.5641;calculated_actual_pv_Wh_div_radiation;0.0;0;900;351;True;1.8000;42.5;/work/20_analysis/20_40_meteo_forecast/20_40_11_pv_weather_model/20_40_11_pv_weather_common.csv;2026-07-04T10:00:49;2026-07-12T18:01:01
2026-07-04;18;18:00;6.3131;calculated_actual_pv_Wh_div_radiation;0.0;0;2500;396;True;5.8000;8.8;/work/20_analysis/20_40_meteo_forecast/20_40_11_pv_weather_model/20_40_11_pv_weather_common.csv;2026-07-04T20:00:47;2026-07-12T18:01:01
2026-07-04;19;19:00;6.8182;calculated_actual_pv_Wh_div_radiation;0.0;0;1800;264;True;4.4000;55.0;/work/20_analysis/20_40_meteo_forecast/20_40_11_pv_weather_model/20_40_11_pv_weather_common.csv;2026-07-04T21:00:48;2026-07-12T18:01:01
2026-07-04;20;20:00;1.6529;calculated_actual_pv_Wh_div_radiation;0.0;0;200;121;True;2.6000;-36.4;/work/20_analysis/20_40_meteo_forecast/20_40_11_pv_weather_model/20_40_11_pv_weather_common.csv;2026-07-04T22:00:46;2026-07-12T18:01:01
2026-07-04;21;21:00;0.0000;calculated_actual_pv_Wh_div_radiation;0.0;0;0;21;False;0.0000;;/work/20_analysis/20_40_meteo_forecast/20_40_11_pv_weather_model/20_40_11_pv_weather_common.csv;2026-07-04T23:00:45;2026-07-12T18:01:01
2026-07-08;07;07:00;2.8571;calculated_actual_pv_Wh_div_radiation;0.0;0;300;105;True;1.0000;185.7;/work/20_analysis/20_40_meteo_forecast/20_40_11_pv_weather_model/20_40_11_pv_weather_common.csv;2026-07-08T09:01:01;2026-07-12T18:01:01
2026-07-08;09;09:00;3.7037;calculated_actual_pv_Wh_div_radiation;10.0;10;1200;324;True;2.7000;37.2;/work/20_analysis/20_40_meteo_forecast/20_40_11_pv_weather_model/20_40_11_pv_weather_common.csv;2026-07-08T11:01:04;2026-07-12T18:01:01
2026-07-08;19;19:00;12.9944;calculated_actual_pv_Wh_div_radiation;6.0;10;2300;177;True;4.4000;195.3;/work/20_analysis/20_40_meteo_forecast/20_40_11_pv_weather_model/20_40_11_pv_weather_common.csv;2026-07-08T21:01:02;2026-07-12T18:01:01
2026-07-08;20;20:00;1.6807;calculated_actual_pv_Wh_div_radiation;0.0;0;200;119;True;2.6000;-35.4;/work/20_analysis/20_40_meteo_forecast/20_40_11_pv_weather_model/20_40_11_pv_weather_common.csv;2026-07-08T22:01:01;2026-07-12T18:01:01
2026-07-08;21;21:00;0.0000;calculated_actual_pv_Wh_div_radiation;0.0;0;0;19;False;0.0000;;/work/20_analysis/20_40_meteo_forecast/20_40_11_pv_weather_model/20_40_11_pv_weather_common.csv;2026-07-08T23:01:02;2026-07-12T18:01:01
2026-07-09;08;08:00;2.3599;calculated_actual_pv_Wh_div_radiation;0.0;0;800;339;True;1.8000;31.1;/work/20_analysis/20_40_meteo_forecast/20_40_11_pv_weather_model/20_40_11_pv_weather_common.csv;2026-07-09T10:01:00;2026-07-12T18:01:01
2026-07-09;12;12:00;2.3866;calculated_actual_pv_Wh_div_radiation;7.0;10;1000;419;True;5.2000;-54.1;/work/20_analysis/20_40_meteo_forecast/20_40_11_pv_weather_model/20_40_11_pv_weather_common.csv;2026-07-09T14:01:00;2026-07-12T18:01:01
2026-07-09;15;15:00;4.4660;calculated_actual_pv_Wh_div_radiation;0.0;0;2300;515;True;6.9000;-35.3;/work/20_analysis/20_40_meteo_forecast/20_40_11_pv_weather_model/20_40_11_pv_weather_common.csv;2026-07-09T17:01:00;2026-07-12T18:01:01
2026-07-09;16;16:00;2.3132;calculated_actual_pv_Wh_div_radiation;7.0;10;1300;562;True;7.0000;-67.0;/work/20_analysis/20_40_meteo_forecast/20_40_11_pv_weather_model/20_40_11_pv_weather_common.csv;2026-07-09T18:01:01;2026-07-12T18:01:01
2026-07-10;05;05:00;100.0000;calculated_actual_pv_Wh_div_radiation;0.0;0;100;1;False;0.0000;;/work/20_analysis/20_40_meteo_forecast/20_40_11_pv_weather_model/20_40_11_pv_weather_common.csv;2026-07-10T07:01:01;2026-07-12T18:01:01
2026-07-10;06;06:00;3.3333;calculated_actual_pv_Wh_div_radiation;0.0;0;200;60;False;0.0000;;/work/20_analysis/20_40_meteo_forecast/20_40_11_pv_weather_model/20_40_11_pv_weather_common.csv;2026-07-10T08:01:01;2026-07-12T18:01:01
2026-07-10;18;18:00;22.2222;calculated_actual_pv_Wh_div_radiation;1.0;5;2000;90;False;5.8000;283.1;/work/20_analysis/20_40_meteo_forecast/20_40_11_pv_weather_model/20_40_11_pv_weather_common.csv;2026-07-10T20:01:02;2026-07-12T18:01:01
2026-07-10;20;20:00;1.8519;calculated_actual_pv_Wh_div_radiation;0.0;0;200;108;True;2.6000;-28.8;/work/20_analysis/20_40_meteo_forecast/20_40_11_pv_weather_model/20_40_11_pv_weather_common.csv;2026-07-10T22:01:00;2026-07-12T18:01:01
2026-07-10;21;21:00;0.0000;calculated_actual_pv_Wh_div_radiation;0.0;0;0;17;False;0.0000;;/work/20_analysis/20_40_meteo_forecast/20_40_11_pv_weather_model/20_40_11_pv_weather_common.csv;2026-07-10T23:01:01;2026-07-12T18:01:01
2026-07-11;16;16:00;4.9223;calculated_actual_pv_Wh_div_radiation;2.0;5;1900;386;True;7.0000;-29.7;/work/20_analysis/20_40_meteo_forecast/20_40_11_pv_weather_model/20_40_11_pv_weather_common.csv;2026-07-11T18:01:01;2026-07-12T18:01:01
2026-07-11;19;19:00;8.5526;calculated_actual_pv_Wh_div_radiation;0.0;0;1300;152;True;4.4000;94.4;/work/20_analysis/20_40_meteo_forecast/20_40_11_pv_weather_model/20_40_11_pv_weather_common.csv;2026-07-11T21:01:02;2026-07-12T18:01:01
2026-07-11;21;21:00;0.0000;calculated_actual_pv_Wh_div_radiation;8.0;10;0;16;False;0.0000;;/work/20_analysis/20_40_meteo_forecast/20_40_11_pv_weather_model/20_40_11_pv_weather_common.csv;2026-07-11T23:01:00;2026-07-12T18:01:01
